{"train_losses": [6.66242368221283, 4.164917993545532, 3.932571065425873, 3.835679590702057, 3.7127955198287963, 3.6681639432907103, 3.6279425024986267, 3.744260573387146, 3.643906831741333, 3.639808773994446, 3.6043683290481567, 3.522629129886627, 3.628922963142395, 3.627921164035797, 3.6320204973220824, 3.5364020228385926, 3.403176522254944, 3.454322135448456, 3.55914386510849, 3.3725148916244505, 3.3756547927856446, 3.4433619737625123, 3.395849871635437, 3.3363060116767884, 3.3934301853179933], "train_accuracies": [0.03984375, 0.11171875, 0.16640625, 0.16015625, 0.20703125, 0.20286458283662795, 0.21953125, 0.1828125, 0.19453125, 0.2078125, 0.21276041716337205, 0.22109375, 0.21796875, 0.21875, 0.21796875, 0.21848958358168602, 0.234375, 0.2328125, 0.21875, 0.2265625, 0.26979166716337205, 0.228125, 0.23203125, 0.27421875, 0.26328125], "valid_losses": [4.063960680594811, 3.4712031071002665, 3.166472453337449, 2.876260546537546, 2.6867747077575097, 2.6498740773934584, 2.6613157162299523, 2.963754516381484, 2.70209650351451, 2.520717052312998, 2.5701317603771505, 2.4974248913618236, 2.5260765506671023, 2.6065203501627994, 2.3871628046035767, 2.4326143035521874, 2.3310506618939915, 2.386370067413037, 2.445000185416295, 2.1052147356363444, 2.2974498638739953, 2.28729261801793, 2.3094611443006077, 2.202252126657046, 2.3231553802123437], "valid_accuracies": [0.18524038447783545, 0.2801923075547585, 0.29942307678552776, 0.3453846149719678, 0.3948557697809659, 0.3905769231227728, 0.3828365390117352, 0.3640865385532379, 0.3828365390117352, 0.41456730778400713, 0.3975961540754025, 0.4190865382552147, 0.42149038440906084, 0.4151442308838551, 0.4325961539378533, 0.43038461529291594, 0.45149038388178897, 0.42644230792155635, 0.4193750000916995, 0.4906250009169945, 0.459038461630161, 0.44379807664797855, 0.43447115329595715, 0.4534134612633632, 0.44288461483441866], "num_epochs": 5}