{"train_losses": [4.6137388229370115, 4.421315741539002, 4.180830919742585, 3.9214967489242554, 3.7263946413993834, 3.4172146201133726, 3.2108940482139587, 3.0211549639701842, 2.914979124069214, 2.7821953892707825, 2.61440132856369, 2.542332446575165, 2.3794852197170258, 2.328404349088669, 2.3049141705036162, 2.1706370294094084, 2.0827938616275787, 2.0282470703125, 2.03875732421875, 1.9582449436187743, 1.9255505621433258, 1.906965583562851, 1.8414753019809722, 1.762746661901474, 1.6749149978160858], "train_accuracies": [0.0203125, 0.05859375, 0.1109375, 0.159375, 0.17109375, 0.24088541716337203, 0.25546875, 0.31015625, 0.32265625, 0.3328125, 0.35911458283662795, 0.3765625, 0.40546875, 0.4171875, 0.42109375, 0.45572916567325594, 0.46328125, 0.4796875, 0.47578125, 0.4984375, 0.49947916716337204, 0.5109375, 0.51796875, 0.5296875, 0.56328125], "valid_losses": [4.350933441748986, 4.069889343701876, 3.6165495102222147, 3.252629115031316, 2.9084523824545054, 2.6214239597320557, 2.2931847388927755, 2.1002300725533414, 1.9052322483979738, 1.70551781470959, 1.61059154684727, 1.4498807352322798, 1.4050327975016375, 1.3033915001612444, 1.2287783932227354, 1.1173915954736562, 1.100818565258613, 1.0374736545177607, 0.9933015062258794, 0.9098932926471417, 0.9338562144682958, 0.8695052031141061, 0.8554864674806595, 0.8124688021265544, 0.7543439475389627], "valid_accuracies": [0.11192307678552774, 0.22576923066606888, 0.256153846016297, 0.3086538463830948, 0.3861057689556709, 0.4325961539378533, 0.5021634617677102, 0.5192788472542396, 0.5555288470708407, 0.6126442299439356, 0.6016826927661896, 0.6658653846153846, 0.6573076912989984, 0.6770192293020395, 0.6931730760977819, 0.7307211527457604, 0.7170192324198209, 0.7271634615384616, 0.7647115404789264, 0.7727884604380681, 0.7619711527457604, 0.7820673080591055, 0.7854807697809659, 0.7999038467040429, 0.8222115406623254], "num_epochs": 5}