{"train_losses": [4.856069302558899, 4.2979566812515255, 3.9485585570335386, 3.589941418170929, 3.2740147590637205, 2.9913517475128173, 2.804178774356842, 2.5775031089782714, 2.5321900606155396, 2.3379555702209474, 2.2282496988773346, 2.2134045898914336, 2.0645596206188204, 2.06904798746109, 1.9212967932224274, 2.0511164367198944, 1.9338925540447236, 1.8259925365447998, 1.8916880548000337, 1.7422996640205384, 1.8291362345218658, 1.837566965818405, 1.7823305606842041, 1.633525002002716, 1.67683345079422], "train_accuracies": [0.028125, 0.08359375, 0.1375, 0.18828125, 0.24140625, 0.29661458283662795, 0.3171875, 0.3625, 0.35625, 0.390625, 0.4125, 0.41875, 0.46328125, 0.4640625, 0.49609375, 0.4875, 0.51171875, 0.5203125, 0.50859375, 0.52421875, 0.515625, 0.51015625, 0.540625, 0.5578125, 0.54453125], "valid_losses": [4.187666159409743, 3.6523267856011024, 3.202861941777743, 2.651431904389308, 2.289890679029318, 1.9989178822590754, 1.7737491864424486, 1.5564440740988805, 1.3662164876094232, 1.278633876488759, 1.313350308399934, 1.1728647924386537, 1.0788974784887755, 1.0221158747489636, 0.9674569207888383, 0.9914384942788345, 0.9527304722712591, 0.9626615185004014, 0.9181690170214727, 0.8799371295250379, 0.8104612105167829, 0.8015960638339703, 0.7872082774455731, 0.8064446202837504, 0.7122780213562342], "valid_accuracies": [0.11091346150407425, 0.20567307678552774, 0.28254807683137745, 0.3536538458787478, 0.42403846176771015, 0.4942307701477638, 0.5289423076006082, 0.5934615387366369, 0.6440865374528445, 0.6629326939582825, 0.6646153835149912, 0.6903846172186044, 0.7024519237188193, 0.7281249990830054, 0.7649038479878352, 0.7238942293020395, 0.7492788479878352, 0.7355288450534527, 0.7544230772898748, 0.7777403868161715, 0.7741346175854023, 0.7991826901069055, 0.7801442329700177, 0.7888942315028264, 0.8029807714315561], "num_epochs": 5}