{"train_losses": [4.4934484481811525, 3.987182140350342, 3.499180054664612, 3.1888644337654113, 2.729203462600708, 2.3566969454288484, 2.24150949716568, 2.074846547842026, 2.0056457221508026, 1.7406411468982697, 1.7760062038898468, 1.5704796850681304, 1.5315650165081025, 1.5588546693325043, 1.4737254083156586, 1.4151277661323547, 1.236231729388237, 1.3247488558292388, 1.2603599786758424, 1.3643750488758086, 1.084293320775032, 1.1364960432052613, 1.1269609719514846, 1.0397680580615998, 1.1685505598783492], "train_accuracies": [0.05703125, 0.14765625, 0.2171875, 0.28515625, 0.35546875, 0.4330729156732559, 0.440625, 0.48125, 0.4828125, 0.55546875, 0.546875, 0.58046875, 0.58984375, 0.60546875, 0.6015625, 0.60390625, 0.671875, 0.63828125, 0.6625, 0.64140625, 0.70703125, 0.69296875, 0.709375, 0.71484375, 0.67734375], "valid_losses": [3.940277649806096, 3.2683681341317983, 2.53279932645651, 2.0894043124639072, 1.7545839089613695, 1.4974861374268165, 1.2603236952653298, 1.1521912606862874, 0.9881954193115234, 0.8893821262396299, 0.8714317226639161, 0.810704312645472, 0.7392469415297875, 0.6985307301466281, 0.6558189386358628, 0.6113684383722452, 0.6195584077101487, 0.5704743036857018, 0.5441775178680053, 0.5089418825048667, 0.5203910590364382, 0.486536450110949, 0.44256412982940674, 0.4302850669393173, 0.48100224079994053], "valid_accuracies": [0.12033653832398929, 0.3132692300356351, 0.4499519226642755, 0.5250961528374598, 0.5661538472542396, 0.6430288461538461, 0.7192307710647583, 0.7195673080591055, 0.7566346159348121, 0.7647596139174241, 0.7720673084259033, 0.7875480789404649, 0.806538462638855, 0.8335096148344187, 0.825288460804866, 0.8401923087927011, 0.8270192329700177, 0.8405288457870483, 0.8599519225267264, 0.865240385899177, 0.8654326934080857, 0.878124998166011, 0.8788461547631484, 0.8973557673967801, 0.8645673073255099], "epoch_durations": [426.79508543014526, 424.05269289016724, 424.15252566337585, 423.3459415435791, 423.2420012950897], "num_epochs": 5}